round,suite,workload,sample,bytes,objects
1,communication,空区间,1,0,0
1,communication,空区间,2,0,0
1,communication,空区间,3,0,0
1,communication,空区间,4,0,0
1,communication,空区间,5,0,0
1,communication,byte[4096],1,4128,1
1,communication,byte[4096],2,4128,1
1,communication,byte[4096],3,4128,1
1,communication,byte[4096],4,4128,1
1,communication,byte[4096],5,4128,1
1,communication,byte[8192],1,8224,1
1,communication,byte[8192],2,8224,1
1,communication,byte[8192],3,8224,1
1,communication,byte[8192],4,8224,1
1,communication,byte[8192],5,8224,1
1,communication,两次 byte[4096],1,8256,2
1,communication,两次 byte[4096],2,8256,2
1,communication,两次 byte[4096],3,8256,2
1,communication,两次 byte[4096],4,8256,2
1,communication,两次 byte[4096],5,8256,2
1,communication,直接调用含 Tick,1,0,0
1,communication,直接调用含 Tick,2,0,0
1,communication,直接调用含 Tick,3,0,0
1,communication,直接调用含 Tick,4,0,0
1,communication,直接调用含 Tick,5,0,0
1,communication,Signal 派发含 Tick,1,0,0
1,communication,Signal 派发含 Tick,2,0,0
1,communication,Signal 派发含 Tick,3,0,0
1,communication,Signal 派发含 Tick,4,0,0
1,communication,Signal 派发含 Tick,5,0,0
1,communication,Event 生成发布及消费含 Tick,1,8608,12
1,communication,Event 生成发布及消费含 Tick,2,8608,12
1,communication,Event 生成发布及消费含 Tick,3,8608,12
1,communication,Event 生成发布及消费含 Tick,4,8608,12
1,communication,Event 生成发布及消费含 Tick,5,8608,12
1,allocation,空区间,1,0,0
1,allocation,空区间,2,0,0
1,allocation,空区间,3,0,0
1,allocation,空区间,4,0,0
1,allocation,空区间,5,0,0
1,allocation,byte[4096],1,4128,1
1,allocation,byte[4096],2,4128,1
1,allocation,byte[4096],3,4128,1
1,allocation,byte[4096],4,4128,1
1,allocation,byte[4096],5,4128,1
1,allocation,byte[8192],1,8224,1
1,allocation,byte[8192],2,8224,1
1,allocation,byte[8192],3,8224,1
1,allocation,byte[8192],4,8224,1
1,allocation,byte[8192],5,8224,1
1,allocation,两次 byte[4096],1,8256,2
1,allocation,两次 byte[4096],2,8256,2
1,allocation,两次 byte[4096],3,8256,2
1,allocation,两次 byte[4096],4,8256,2
1,allocation,两次 byte[4096],5,8256,2
1,allocation,只查询 10000 实体,1,0,0
1,allocation,只查询 10000 实体,2,0,0
1,allocation,只查询 10000 实体,3,0,0
1,allocation,只查询 10000 实体,4,0,0
1,allocation,只查询 10000 实体,5,0,0
1,allocation,完整移动 10000 实体,1,0,0
1,allocation,完整移动 10000 实体,2,0,0
1,allocation,完整移动 10000 实体,3,0,0
1,allocation,完整移动 10000 实体,4,0,0
1,allocation,完整移动 10000 实体,5,0,0
1,allocation,完整 Tick 单移动系统,1,0,0
1,allocation,完整 Tick 单移动系统,2,0,0
1,allocation,完整 Tick 单移动系统,3,0,0
1,allocation,完整 Tick 单移动系统,4,0,0
1,allocation,完整 Tick 单移动系统,5,0,0
1,allocation,恢复后首次 1000 组 Add Remove 含 Tick,1,52000,2000
1,allocation,恢复后首次 1000 组 Add Remove 含 Tick,2,52000,2000
1,allocation,恢复后首次 1000 组 Add Remove 含 Tick,3,52000,2000
1,allocation,恢复后首次 1000 组 Add Remove 含 Tick,4,52000,2000
1,allocation,恢复后首次 1000 组 Add Remove 含 Tick,5,52000,2000
1,allocation,连续 1000 组 Add Remove 含 Tick,1,52000,2000
1,allocation,连续 1000 组 Add Remove 含 Tick,2,52000,2000
1,allocation,连续 1000 组 Add Remove 含 Tick,3,52000,2000
1,allocation,连续 1000 组 Add Remove 含 Tick,4,52000,2000
1,allocation,连续 1000 组 Add Remove 含 Tick,5,52000,2000
1,allocation,10000 实体快照捕获,1,666380,24
1,allocation,10000 实体快照捕获,2,666380,24
1,allocation,10000 实体快照捕获,3,666380,24
1,allocation,10000 实体快照捕获,4,666380,24
1,allocation,10000 实体快照捕获,5,666380,24
1,allocation,10000 实体快照恢复,1,80,1
1,allocation,10000 实体快照恢复,2,80,1
1,allocation,10000 实体快照恢复,3,80,1
1,allocation,10000 实体快照恢复,4,80,1
1,allocation,10000 实体快照恢复,5,80,1
2,communication,空区间,1,0,0
2,communication,空区间,2,0,0
2,communication,空区间,3,0,0
2,communication,空区间,4,0,0
2,communication,空区间,5,0,0
2,communication,byte[4096],1,4128,1
2,communication,byte[4096],2,4128,1
2,communication,byte[4096],3,4128,1
2,communication,byte[4096],4,4128,1
2,communication,byte[4096],5,4128,1
2,communication,byte[8192],1,8224,1
2,communication,byte[8192],2,8224,1
2,communication,byte[8192],3,8224,1
2,communication,byte[8192],4,8224,1
2,communication,byte[8192],5,8224,1
2,communication,两次 byte[4096],1,8256,2
2,communication,两次 byte[4096],2,8256,2
2,communication,两次 byte[4096],3,8256,2
2,communication,两次 byte[4096],4,8256,2
2,communication,两次 byte[4096],5,8256,2
2,communication,直接调用含 Tick,1,0,0
2,communication,直接调用含 Tick,2,0,0
2,communication,直接调用含 Tick,3,0,0
2,communication,直接调用含 Tick,4,0,0
2,communication,直接调用含 Tick,5,0,0
2,communication,Signal 派发含 Tick,1,0,0
2,communication,Signal 派发含 Tick,2,0,0
2,communication,Signal 派发含 Tick,3,0,0
2,communication,Signal 派发含 Tick,4,0,0
2,communication,Signal 派发含 Tick,5,0,0
2,communication,Event 生成发布及消费含 Tick,1,8608,12
2,communication,Event 生成发布及消费含 Tick,2,8608,12
2,communication,Event 生成发布及消费含 Tick,3,8608,12
2,communication,Event 生成发布及消费含 Tick,4,8608,12
2,communication,Event 生成发布及消费含 Tick,5,8608,12
2,allocation,空区间,1,0,0
2,allocation,空区间,2,0,0
2,allocation,空区间,3,0,0
2,allocation,空区间,4,0,0
2,allocation,空区间,5,0,0
2,allocation,byte[4096],1,4128,1
2,allocation,byte[4096],2,4128,1
2,allocation,byte[4096],3,4128,1
2,allocation,byte[4096],4,4128,1
2,allocation,byte[4096],5,4128,1
2,allocation,byte[8192],1,8224,1
2,allocation,byte[8192],2,8224,1
2,allocation,byte[8192],3,8224,1
2,allocation,byte[8192],4,8224,1
2,allocation,byte[8192],5,8224,1
2,allocation,两次 byte[4096],1,8256,2
2,allocation,两次 byte[4096],2,8256,2
2,allocation,两次 byte[4096],3,8256,2
2,allocation,两次 byte[4096],4,8256,2
2,allocation,两次 byte[4096],5,8256,2
2,allocation,只查询 10000 实体,1,0,0
2,allocation,只查询 10000 实体,2,0,0
2,allocation,只查询 10000 实体,3,0,0
2,allocation,只查询 10000 实体,4,0,0
2,allocation,只查询 10000 实体,5,0,0
2,allocation,完整移动 10000 实体,1,0,0
2,allocation,完整移动 10000 实体,2,0,0
2,allocation,完整移动 10000 实体,3,0,0
2,allocation,完整移动 10000 实体,4,0,0
2,allocation,完整移动 10000 实体,5,0,0
2,allocation,完整 Tick 单移动系统,1,0,0
2,allocation,完整 Tick 单移动系统,2,0,0
2,allocation,完整 Tick 单移动系统,3,0,0
2,allocation,完整 Tick 单移动系统,4,0,0
2,allocation,完整 Tick 单移动系统,5,0,0
2,allocation,恢复后首次 1000 组 Add Remove 含 Tick,1,52000,2000
2,allocation,恢复后首次 1000 组 Add Remove 含 Tick,2,52000,2000
2,allocation,恢复后首次 1000 组 Add Remove 含 Tick,3,52000,2000
2,allocation,恢复后首次 1000 组 Add Remove 含 Tick,4,52000,2000
2,allocation,恢复后首次 1000 组 Add Remove 含 Tick,5,52000,2000
2,allocation,连续 1000 组 Add Remove 含 Tick,1,52000,2000
2,allocation,连续 1000 组 Add Remove 含 Tick,2,52000,2000
2,allocation,连续 1000 组 Add Remove 含 Tick,3,52000,2000
2,allocation,连续 1000 组 Add Remove 含 Tick,4,52000,2000
2,allocation,连续 1000 组 Add Remove 含 Tick,5,52000,2000
2,allocation,10000 实体快照捕获,1,666380,24
2,allocation,10000 实体快照捕获,2,666380,24
2,allocation,10000 实体快照捕获,3,666380,24
2,allocation,10000 实体快照捕获,4,666380,24
2,allocation,10000 实体快照捕获,5,666380,24
2,allocation,10000 实体快照恢复,1,80,1
2,allocation,10000 实体快照恢复,2,80,1
2,allocation,10000 实体快照恢复,3,80,1
2,allocation,10000 实体快照恢复,4,80,1
2,allocation,10000 实体快照恢复,5,80,1
3,communication,空区间,1,0,0
3,communication,空区间,2,0,0
3,communication,空区间,3,0,0
3,communication,空区间,4,0,0
3,communication,空区间,5,0,0
3,communication,byte[4096],1,4128,1
3,communication,byte[4096],2,4128,1
3,communication,byte[4096],3,4128,1
3,communication,byte[4096],4,4128,1
3,communication,byte[4096],5,4128,1
3,communication,byte[8192],1,8224,1
3,communication,byte[8192],2,8224,1
3,communication,byte[8192],3,8224,1
3,communication,byte[8192],4,8224,1
3,communication,byte[8192],5,8224,1
3,communication,两次 byte[4096],1,8256,2
3,communication,两次 byte[4096],2,8256,2
3,communication,两次 byte[4096],3,8256,2
3,communication,两次 byte[4096],4,8256,2
3,communication,两次 byte[4096],5,8256,2
3,communication,直接调用含 Tick,1,0,0
3,communication,直接调用含 Tick,2,0,0
3,communication,直接调用含 Tick,3,0,0
3,communication,直接调用含 Tick,4,0,0
3,communication,直接调用含 Tick,5,0,0
3,communication,Signal 派发含 Tick,1,0,0
3,communication,Signal 派发含 Tick,2,0,0
3,communication,Signal 派发含 Tick,3,0,0
3,communication,Signal 派发含 Tick,4,0,0
3,communication,Signal 派发含 Tick,5,0,0
3,communication,Event 生成发布及消费含 Tick,1,8608,12
3,communication,Event 生成发布及消费含 Tick,2,8608,12
3,communication,Event 生成发布及消费含 Tick,3,8608,12
3,communication,Event 生成发布及消费含 Tick,4,8608,12
3,communication,Event 生成发布及消费含 Tick,5,8608,12
3,allocation,空区间,1,0,0
3,allocation,空区间,2,0,0
3,allocation,空区间,3,0,0
3,allocation,空区间,4,0,0
3,allocation,空区间,5,0,0
3,allocation,byte[4096],1,4128,1
3,allocation,byte[4096],2,4128,1
3,allocation,byte[4096],3,4128,1
3,allocation,byte[4096],4,4128,1
3,allocation,byte[4096],5,4128,1
3,allocation,byte[8192],1,8224,1
3,allocation,byte[8192],2,8224,1
3,allocation,byte[8192],3,8224,1
3,allocation,byte[8192],4,8224,1
3,allocation,byte[8192],5,8224,1
3,allocation,两次 byte[4096],1,8256,2
3,allocation,两次 byte[4096],2,8256,2
3,allocation,两次 byte[4096],3,8256,2
3,allocation,两次 byte[4096],4,8256,2
3,allocation,两次 byte[4096],5,8256,2
3,allocation,只查询 10000 实体,1,0,0
3,allocation,只查询 10000 实体,2,0,0
3,allocation,只查询 10000 实体,3,0,0
3,allocation,只查询 10000 实体,4,0,0
3,allocation,只查询 10000 实体,5,0,0
3,allocation,完整移动 10000 实体,1,0,0
3,allocation,完整移动 10000 实体,2,0,0
3,allocation,完整移动 10000 实体,3,0,0
3,allocation,完整移动 10000 实体,4,0,0
3,allocation,完整移动 10000 实体,5,0,0
3,allocation,完整 Tick 单移动系统,1,0,0
3,allocation,完整 Tick 单移动系统,2,0,0
3,allocation,完整 Tick 单移动系统,3,0,0
3,allocation,完整 Tick 单移动系统,4,0,0
3,allocation,完整 Tick 单移动系统,5,0,0
3,allocation,恢复后首次 1000 组 Add Remove 含 Tick,1,52000,2000
3,allocation,恢复后首次 1000 组 Add Remove 含 Tick,2,52000,2000
3,allocation,恢复后首次 1000 组 Add Remove 含 Tick,3,52000,2000
3,allocation,恢复后首次 1000 组 Add Remove 含 Tick,4,52000,2000
3,allocation,恢复后首次 1000 组 Add Remove 含 Tick,5,52000,2000
3,allocation,连续 1000 组 Add Remove 含 Tick,1,52000,2000
3,allocation,连续 1000 组 Add Remove 含 Tick,2,52000,2000
3,allocation,连续 1000 组 Add Remove 含 Tick,3,52000,2000
3,allocation,连续 1000 组 Add Remove 含 Tick,4,52000,2000
3,allocation,连续 1000 组 Add Remove 含 Tick,5,52000,2000
3,allocation,10000 实体快照捕获,1,666380,24
3,allocation,10000 实体快照捕获,2,666380,24
3,allocation,10000 实体快照捕获,3,666380,24
3,allocation,10000 实体快照捕获,4,666380,24
3,allocation,10000 实体快照捕获,5,666380,24
3,allocation,10000 实体快照恢复,1,80,1
3,allocation,10000 实体快照恢复,2,80,1
3,allocation,10000 实体快照恢复,3,80,1
3,allocation,10000 实体快照恢复,4,80,1
3,allocation,10000 实体快照恢复,5,80,1
