round,suite,workload,entities,warmup,samples,mean_ms,p95_ms,velocity_match_percent,change_count,retained_per_component,registered_types,owned_types,messages
1,movement,只查询,10000,30,300,0.4333,0.5222,100,,,,,
1,movement,旧路径只更新,10000,30,300,3.8009,4.1603,100,,,,,
1,movement,独立组件池访问基线,10000,30,300,0.5076,0.6323,100,,,,,
1,movement,旧路径完整移动,10000,30,300,4.2459,4.6576,100,,,,,
1,movement,列表Lookup完整移动,10000,30,300,1.8701,2.0791,100,,,,,
1,movement,当前完整移动,10000,30,300,0.6578,0.7596,100,,,,,
1,movement,旧路径完整Tick,10000,30,300,4.3673,4.8729,100,,,,,
1,movement,列表Lookup完整Tick,10000,30,300,1.8967,2.2099,100,,,,,
1,movement,当前完整Tick,10000,30,300,0.6616,0.7398,100,,,,,
1,scale,创建含扩容,1000,10,60,1.7493083333333332,5.6971,50,100,,,,
1,scale,单组件查询读写,1000,10,60,0.22414499999999998,0.2388,50,100,,,,
1,scale,多组件交集,1000,10,60,0.03466166666666668,0.0354,50,100,,,,
1,scale,随机实体访问,1000,10,60,0.20105166666666668,0.25120000000000003,50,100,,,,
1,scale,结构批量Add再Remove,1000,10,60,0.11103833333333331,0.11620000000000001,50,100,,,,
1,scale,销毁创建复用,1000,10,60,0.2163833333333334,0.2821,55,100,,,,
1,scale,快照捕获,1000,10,60,0.36885833333333334,0.42360000000000003,55,100,,,,
1,scale,快照恢复,1000,10,60,0.22476833333333338,0.24280000000000002,55,100,,,,
1,scale,创建含扩容,10000,10,60,13.170051666666668,27.102700000000002,50,1000,,,,
1,scale,单组件查询读写,10000,10,60,2.3006000000000006,2.5574000000000003,50,1000,,,,
1,scale,多组件交集,10000,10,60,0.39606166666666687,0.5127,50,1000,,,,
1,scale,随机实体访问,10000,10,60,1.931404999999999,2.2132,50,1000,,,,
1,scale,结构批量Add再Remove,10000,10,60,1.0904683333333334,1.3486,50,1000,,,,
1,scale,销毁创建复用,10000,10,60,2.1100533333333336,2.4347000000000003,55,1000,,,,
1,scale,快照捕获,10000,10,60,4.198926666666666,4.776400000000001,55,1000,,,,
1,scale,快照恢复,10000,10,60,2.2964916666666664,2.5559000000000003,55,1000,,,,
1,scale,创建含扩容,50000,10,60,62.66803833333335,105.36290000000001,50,5000,,,,
1,scale,单组件查询读写,50000,10,60,11.874533333333337,12.493300000000001,50,5000,,,,
1,scale,多组件交集,50000,10,60,1.9329066666666663,2.2978,50,5000,,,,
1,scale,随机实体访问,50000,10,60,11.62610833333333,13.618400000000001,50,5000,,,,
1,scale,结构批量Add再Remove,50000,10,60,5.75785,5.962400000000001,50,5000,,,,
1,scale,销毁创建复用,50000,10,60,11.383595000000003,12.414900000000001,55,5000,,,,
1,scale,快照捕获,50000,10,60,21.76375999999999,35.229800000000004,55,5000,,,,
1,scale,快照恢复,50000,10,60,11.940850000000001,12.5417,55,5000,,,,
1,snapshot,捕获,10000,30,300,5.0345,8.0921,,,10000,,,
1,snapshot,恢复,10000,30,300,2.7454,3.0338,,,10000,,,
1,snapshot,捕获,10000,30,300,2.6982,3.0439,,,1000,,,
1,snapshot,恢复,10000,30,300,0.725,0.85,,,1000,,,
1,destruction,销毁提交,1000,10,60,0.8433,1.0128,,,,2,2,
1,destruction,销毁提交,1000,10,60,0.8458,0.9516,,,,16,2,
1,destruction,销毁提交,1000,10,60,0.7743,0.851,,,,64,2,
1,destruction,销毁提交,1000,10,60,0.7631,0.8075,,,,256,2,
1,communication,直接调用含 Tick,0,30,300,0.0906,0.0931,,,,,,1000
1,communication,Signal 派发含 Tick,0,30,300,0.2464,0.2735,,,,,,1000
1,communication,Event 生成发布及消费含 Tick,0,30,300,0.1276,0.1322,,,,,,1000
2,movement,只查询,10000,30,300,0.4255,0.505,100,,,,,
2,movement,旧路径只更新,10000,30,300,3.7809,4.1636,100,,,,,
2,movement,独立组件池访问基线,10000,30,300,0.5335,0.5814,100,,,,,
2,movement,旧路径完整移动,10000,30,300,4.3216,4.7277,100,,,,,
2,movement,列表Lookup完整移动,10000,30,300,2.0257,2.6417,100,,,,,
2,movement,当前完整移动,10000,30,300,0.7014,0.9234,100,,,,,
2,movement,旧路径完整Tick,10000,30,300,4.2868,4.6423,100,,,,,
2,movement,列表Lookup完整Tick,10000,30,300,1.8666,2.033,100,,,,,
2,movement,当前完整Tick,10000,30,300,0.6378,0.7103,100,,,,,
2,scale,创建含扩容,1000,10,60,1.269645,1.2002000000000002,50,100,,,,
2,scale,单组件查询读写,1000,10,60,0.24785,0.3111,50,100,,,,
2,scale,多组件交集,1000,10,60,0.0337166666666667,0.0349,50,100,,,,
2,scale,随机实体访问,1000,10,60,0.1859283333333334,0.1995,50,100,,,,
2,scale,结构批量Add再Remove,1000,10,60,0.10047333333333337,0.10350000000000001,50,100,,,,
2,scale,销毁创建复用,1000,10,60,0.2176166666666667,0.2882,55,100,,,,
2,scale,快照捕获,1000,10,60,0.3601266666666667,0.44010000000000005,55,100,,,,
2,scale,快照恢复,1000,10,60,0.22824333333333333,0.2543,55,100,,,,
2,scale,创建含扩容,10000,10,60,12.394966666666665,26.381500000000003,50,1000,,,,
2,scale,单组件查询读写,10000,10,60,2.3528950000000006,2.4698,50,1000,,,,
2,scale,多组件交集,10000,10,60,0.34130833333333327,0.4072,50,1000,,,,
2,scale,随机实体访问,10000,10,60,1.9423983333333332,2.2025,50,1000,,,,
2,scale,结构批量Add再Remove,10000,10,60,1.0655416666666662,1.1712,50,1000,,,,
2,scale,销毁创建复用,10000,10,60,2.1175733333333326,2.3587000000000002,55,1000,,,,
2,scale,快照捕获,10000,10,60,4.128628333333334,4.5956,55,1000,,,,
2,scale,快照恢复,10000,10,60,2.356218333333334,2.5438,55,1000,,,,
2,scale,创建含扩容,50000,10,60,62.76047500000002,107.9713,50,5000,,,,
2,scale,单组件查询读写,50000,10,60,11.925533333333334,12.603800000000001,50,5000,,,,
2,scale,多组件交集,50000,10,60,1.8812016666666669,2.3566000000000003,50,5000,,,,
2,scale,随机实体访问,50000,10,60,11.505920000000005,14.762,50,5000,,,,
2,scale,结构批量Add再Remove,50000,10,60,5.803568333333334,6.9112,50,5000,,,,
2,scale,销毁创建复用,50000,10,60,11.344808333333333,12.303500000000001,55,5000,,,,
2,scale,快照捕获,50000,10,60,21.502816666666668,35.1721,55,5000,,,,
2,scale,快照恢复,50000,10,60,11.861134999999999,12.4017,55,5000,,,,
2,snapshot,捕获,10000,30,300,4.6286,4.8726,,,10000,,,
2,snapshot,恢复,10000,30,300,2.6701,2.9125,,,10000,,,
2,snapshot,捕获,10000,30,300,2.446,2.7384,,,1000,,,
2,snapshot,恢复,10000,30,300,0.6711,0.7758,,,1000,,,
2,destruction,销毁提交,1000,10,60,0.7518,0.7888,,,,2,2,
2,destruction,销毁提交,1000,10,60,0.7823,0.826,,,,16,2,
2,destruction,销毁提交,1000,10,60,0.7711,0.8123,,,,64,2,
2,destruction,销毁提交,1000,10,60,0.8137,0.9234,,,,256,2,
2,communication,直接调用含 Tick,0,30,300,0.0978,0.105,,,,,,1000
2,communication,Signal 派发含 Tick,0,30,300,0.249,0.2952,,,,,,1000
2,communication,Event 生成发布及消费含 Tick,0,30,300,0.1207,0.1301,,,,,,1000
3,movement,只查询,10000,30,300,0.4094,0.4816,100,,,,,
3,movement,旧路径只更新,10000,30,300,3.8173,4.1713,100,,,,,
3,movement,独立组件池访问基线,10000,30,300,0.5146,0.5843,100,,,,,
3,movement,旧路径完整移动,10000,30,300,4.2348,4.5758,100,,,,,
3,movement,列表Lookup完整移动,10000,30,300,1.9317,2.1234,100,,,,,
3,movement,当前完整移动,10000,30,300,0.6522,0.7267,100,,,,,
3,movement,旧路径完整Tick,10000,30,300,4.1836,4.5377,100,,,,,
3,movement,列表Lookup完整Tick,10000,30,300,1.8957,2.1031,100,,,,,
3,movement,当前完整Tick,10000,30,300,0.6753,0.7858,100,,,,,
3,scale,创建含扩容,1000,10,60,1.2855300000000005,2.4688000000000003,50,100,,,,
3,scale,单组件查询读写,1000,10,60,0.23148833333333332,0.2978,50,100,,,,
3,scale,多组件交集,1000,10,60,0.032186666666666676,0.0328,50,100,,,,
3,scale,随机实体访问,1000,10,60,0.19493833333333332,0.2283,50,100,,,,
3,scale,结构批量Add再Remove,1000,10,60,0.12420833333333334,0.1786,50,100,,,,
3,scale,销毁创建复用,1000,10,60,0.22920833333333326,0.2859,55,100,,,,
3,scale,快照捕获,1000,10,60,0.37955500000000003,0.42800000000000005,55,100,,,,
3,scale,快照恢复,1000,10,60,0.23830500000000002,0.29050000000000004,55,100,,,,
3,scale,创建含扩容,10000,10,60,12.811303333333335,26.773,50,1000,,,,
3,scale,单组件查询读写,10000,10,60,2.637258333333334,3.2295000000000003,50,1000,,,,
3,scale,多组件交集,10000,10,60,0.366815,0.403,50,1000,,,,
3,scale,随机实体访问,10000,10,60,2.0556450000000006,2.4017,50,1000,,,,
3,scale,结构批量Add再Remove,10000,10,60,1.157775,1.3041,50,1000,,,,
3,scale,销毁创建复用,10000,10,60,2.127645,2.3885,55,1000,,,,
3,scale,快照捕获,10000,10,60,4.089434999999999,4.1094,55,1000,,,,
3,scale,快照恢复,10000,10,60,2.27705,2.4911000000000003,55,1000,,,,
3,scale,创建含扩容,50000,10,60,63.886835000000005,116.2219,50,5000,,,,
3,scale,单组件查询读写,50000,10,60,11.403819999999998,12.0755,50,5000,,,,
3,scale,多组件交集,50000,10,60,1.748301666666667,2.0885000000000002,50,5000,,,,
3,scale,随机实体访问,50000,10,60,11.064815000000001,13.4525,50,5000,,,,
3,scale,结构批量Add再Remove,50000,10,60,6.079181666666667,6.2214,50,5000,,,,
3,scale,销毁创建复用,50000,10,60,11.316541666666668,12.532,55,5000,,,,
3,scale,快照捕获,50000,10,60,21.952911666666676,35.0445,55,5000,,,,
3,scale,快照恢复,50000,10,60,11.976493333333334,12.7558,55,5000,,,,
3,snapshot,捕获,10000,30,300,4.7712,5.0109,,,10000,,,
3,snapshot,恢复,10000,30,300,2.6972,3.0057,,,10000,,,
3,snapshot,捕获,10000,30,300,2.5833,3.0007,,,1000,,,
3,snapshot,恢复,10000,30,300,0.7062,0.8079,,,1000,,,
3,destruction,销毁提交,1000,10,60,0.7718,0.87,,,,2,2,
3,destruction,销毁提交,1000,10,60,0.7661,0.8355,,,,16,2,
3,destruction,销毁提交,1000,10,60,0.7464,0.8108,,,,64,2,
3,destruction,销毁提交,1000,10,60,0.7448,0.8125,,,,256,2,
3,communication,直接调用含 Tick,0,30,300,0.0937,0.0977,,,,,,1000
3,communication,Signal 派发含 Tick,0,30,300,0.2524,0.3053,,,,,,1000
3,communication,Event 生成发布及消费含 Tick,0,30,300,0.1277,0.1448,,,,,,1000
